timestamp,headline,link
4 Hours Ago,4 Hours AgoWeek in review: Stocks battled a flood of news and we booked some profits,
5 Hours Ago,5 Hours AgoTrump threatens to sue JPMorgan Chase for 'debanking' him,
7 Hours Ago,7 Hours AgoTrump: NATO members to face tariffs up to 25% until a Greenland deal is struck,
8 Hours Ago,"8 Hours AgoLed by Texas, states race to prove they can put bitcoin on public balance sheet",
9 Hours Ago,9 Hours AgoUnshaken: Why Brazilian stocks have looked past the Venezuela attack,
10 Hours Ago,10 Hours AgoBestselling author: How to create better habits without relying on discipline,
10 Hours Ago,"10 Hours AgoWarren Buffett: To maximize your potential, ask yourself this question",
10 Hours Ago,"10 Hours AgoBuy these five stocks ahead of earnings, Bank of America says",
10 Hours Ago,10 Hours AgoThis week’s most overbought names include Darden Restaurants and Target,
10 Hours Ago,"10 Hours AgoBuffett on parenting, giving up horse betting and why he stopped talking politics",
10 Hours Ago,"10 Hours AgoUnexpected expenses take 10% of retirees' income, on average, research shows",
11 Hours Ago,11 Hours AgoDisney dominated the 2025 box office. Here's how it could keep the crown in 2026,
14 Hours Ago,14 Hours AgoThe founders of billion-dollar AI startups are getting younger — here’s why,
22 Hours Ago,22 Hours AgoElon Musk's xAI faces tougher road building data centers after EPA rule update,
24 Hours Ago,24 Hours AgoHere's why Jim Cramer thinks chip stocks can go higher,
24 Hours Ago,24 Hours AgoCramer's Lightning Round: Sell Super Micro Computer,
"January 16, 2026","January 16, 2026Cramer's week ahead: Earnings from Netflix, Intel, Capital One, McCormick",
"January 16, 2026","January 16, 2026Google files to appeal search monopoly case",
"January 16, 2026","January 16, 2026More employers worry about workers' financial well-being, research shows",
"January 16, 2026","January 16, 2026Republicans want to end the ‘marriage penalty’ for this childcare tax credit",
"January 16, 2026","January 16, 2026Labor Department accused of echoing Nazi slogan in social media post",
"January 16, 2026","January 16, 2026Education Department to delay collections on defaulted student loans",
"January 16, 2026","January 16, 2026Earnings reports, fears around interest rate outlook may sway markets next week",
"January 16, 2026","January 16, 2026OpenAI has committed billions to recent chip deals. Some big names have been left out",
"January 16, 2026","January 16, 2026One of our top stocks this week just lost its CFO — what it means for investors",
"January 16, 2026","January 16, 2026Hassett pivots to possible ‘Trump cards’ amid credit card battle with banks",
"January 16, 2026","January 16, 2026Can Home Depot's AI-powered push to court pros move the needle in its own business?",
"January 16, 2026","January 16, 2026These stocks reporting earnings next week have a history of beating expectations",
"January 16, 2026","January 16, 2026Coastal Virginia Offshore Wind to restart work after judge lifts Trump suspension",
"January 16, 2026","January 16, 2026OpenAI to begin testing ads on ChatGPT in the U.S.",
